Nom,Genre,Année de naissance ,Langue d’écriture différente de la maternelle (oui/non),Année d’obtention du prix Nobel ,,,
Sully Prudhomme,Masculin,1881,Français ,1901,,,
Theodor Mommsen,Masculin,1817,Allemand,1902,,,
Bjornstjerne Bjornson,Masculin,1832,Norvégien,1904,,,
Frédéric Mistral,Masculin,1830,Français,1904,,,
José de Echegaray,Masculin,1832,Occitan provencal,1905,,,
Henryk Sienkiewiz,Masculin,1846,Polonais,1906,,,
Giosue Carducci,Masculin,1835,Italien ,1907,,,
Rudyard Kipling,Masculin,1865,Anglais,1908,,,
Rudolf Eucken,Masculin,1846,Allemand,1909,,,
Selma Lagerlof,Féminin ,1858,Suèdois,1910,,,
